INSERT INTO main_category VALUES
    (1, '채소'),
    (2, '과일•견과•쌀'),
    (3, '수산•해산•건어물'),
    (4, '정육•계란'),
    (5, '국•반찬•메인요리'),
    (6, '샐러드•간편식'),
    (7, '면•양념•오일'),
    (8, '생수•음료•우유•커피'),
    (9, '간식•과자•떡'),
    (10, '베이커리•치즈•델리'),
    (11, '건강식품'),
    (12, '와인•위스키'),
    (13, '전통주'),
    (14, '생활용품•리빙•캠핑'),
    (15, '스킨케어•메이크업'),
    (16, '헤어•바디•구강'),
    (17, '주방용품'),
    (18, '가전제품'),
    (19, '반려동물'),
    (20, '베이비•키즈•완구');

INSERT INTO sub_category VALUES
    (1, '친환경', 1),
    (2, '고구마•감자•당근', 1),
    (3, '시금치•쌈채소•나물', 1),
    (4, '브로콜리•파프리카•양배추', 1),
    (5, '양파•대파•마늘•배추', 1),
    (6, '오이•호박•고추', 1),
    (7, '냉동•이색•간편채소', 1),
    (8, '콩나물•버섯', 1),

    (9, '친환경', 2),
    (10, '제철과일', 2),
    (11, '국산과일', 2),
    (12, '수입과일', 2),
    (13, '간편과일', 2),
    (14, '냉동•건과일', 2),
    (15, '견과류', 2),
    (16, '쌀•잡곡', 2),

    (17, '제철수산', 3),
    (18, '생선류', 3),
    (19, '굴비•반건류', 3),
    (20, '오징어•낙지•문어', 3),
    (21, '새우•게•랍스터', 3),
    (22, '해산물•조개류', 3),
    (23, '수산가공품', 3),
    (24, '김•미역•해조류', 3),
    (25, '건어물•다시팩', 3),

    (26, '국내산 소고기', 4),
    (27, '수입산 소고기', 4),
    (28, '돼지고기', 4),
    (29, '계란류', 4),
    (30, '닭•오리고기', 4),
    (31, '양념육•돈까스', 4),
    (32, '양고기', 4),

    (33, '국•탕•찌개', 5),
    (34, '밀키트•메인요리', 5),
    (35, '밑반찬', 5),
    (36, '김치•젓갈•장류', 5),
    (37, '두부•어묵•부침개', 5),
    (38, '베이컨•햄•통조림', 5),

    (39, '샐러드•닭가슴살', 6),
    (40, '도시락•밥류', 6),
    (41, '파스타•면류', 6),
    (42, '떡볶이•튀김•순대', 6),
    (43, '피자•핫도그•만두', 6),
    (44, '폭립•떡갈비•안주', 6),
    (45, '죽•스프•카레', 6),
    (46, '선식•시리얼', 6),

    (47, '파스타•면류', 7),
    (48, '식초•소스•드레싱', 7),
    (49, '양념•액젓•장류', 7),
    (50, '식용류•참기름•오일', 7),
    (51, '소금•설탕•향신료', 7),
    (52, '밀가루•가루•믹스', 7),

    (53, '생수•탄산수', 8),
    (54, '음료•주스', 8),
    (55, '우유•두유•요거트', 8),
    (56, '커피', 8),
    (57, '차', 8),
    (58, '커피용품', 8),

    (59, '과자•스낵•쿠키', 9),
    (60, '초콜릿•젤리•캔디', 9),
    (61, '떡•한과', 9),
    (62, '아이스크림', 9),

    (63, '식빵•빵류', 10),
    (64, '잼•버터•스프레드', 10),
    (65, '케이크•파이•디저트', 10),
    (66, '치즈', 10),
    (67, '델리', 10),
    (68, '올리브•피클', 10),

    (69, '영양제', 11),
    (70, '유산균', 11),
    (71, '홍삼•인삼•꿀', 11),
    (72, '건강즙•건강음료', 11),
    (73, '건강분말•건강환', 11),
    (74, '다이어트•이너뷰티', 11),
    (75, '유아동', 11),

    (76, '레드와인', 12),
    (77, '화이트와인', 12),
    (78, '샴페인•스파클링', 12),
    (79, '위스키', 12),
    (80, '리큐르', 12),
    (81, '와인•위스키 용품', 12),

    (82, '막걸리•탁주', 13),
    (83, '증류주•약주•청주', 13),
    (84, '과실주•리큐르', 13),
    (85, '전통주 선물세트', 13),

    (86, '휴지•티슈', 14),
    (87, '여성•위생용품', 14),
    (88, '세제•청소용품', 14),
    (89, '화훼•인테리어소품', 14),
    (90, '의약외품•마스크', 14),
    (91, '생활잡화•문구', 14),
    (92, '캠핑용품', 14),

    (93, '스킨•미스트•패드', 15),
    (94, '에센스•앰플•로션', 15),
    (95, '크림•오일', 15),
    (96, '클렌징', 15),
    (97, '마스크팩', 15),
    (98, '선케어', 15),
    (99, '메이크업', 15),
    (100, '맨즈케어', 15),
    (101, '뷰티소품•기기', 15),

    (102, '구강•면도', 16),
    (103, '샴푸•컨디셔너', 16),
    (104, '트리트먼트•팩', 16),
    (105, '헤어에센스•염모', 16),
    (106, '바디워시•스크럽', 16),
    (107, '바디로션•크림', 16),
    (108, '핸드•립•데오', 16),
    (109, '향수•디퓨저', 16),
    (110, '헤어•바디소품', 16),

    (111, '주방소모품•잡화', 17),
    (112, '주방•조리도구', 17),
    (113, '냄비•팬•솥', 17),
    (114, '보관용기•텀블러', 17),
    (115, '식기•테이블웨어', 17),
    (116, '컵•잔•커피도구', 17),

    (117, '주방가전', 18),
    (118, '생활가전', 18),
    (119, '계절가전', 18),
    (120, '디지털•PC', 18),
    (121, '대형•설치가전', 18),

    (122, '강아지 간식', 19),
    (123, '강아지 주식', 19),
    (124, '고양이 간식', 19),
    (125, '고양이 주식', 19),
    (126, '건강관리', 19),
    (127, '배변•위생', 19),
    (128, '장난감', 19),
    (129, '미용•외출•하우스', 19),

    (130, '분유•간편 이유식', 20),
    (131, '이유식 재료', 20),
    (132, '간식•음식', 20),
    (133, '건강식품', 20),
    (134, '이유•수유용품', 20),
    (135, '기저귀•물티슈', 20),
    (136, '세제•위생용품', 20),
    (137, '스킨•구강케어', 20),
    (138, '완구•잡화류', 20);

INSERT INTO product(id, name, main_category_id, sub_category_id, brand, price, discount_price, image_url) VALUES
    (1, '친환경 당근 500g', 1, 1, NULL, 4990, 4990, 'https://img-cf.kurly.com/cdn-cgi/image/width=360,height=468,quality=85/shop/data/goods/1653037915850l0.jpeg'),
    (2, '친환경 시금치 200g', 1, 1, NULL, 6990, 6990, 'https://img-cf.kurly.com/cdn-cgi/image/width=360,height=468,quality=85/shop/data/goods/1653038188464l0.jpeg'),
    (3, '친환경 유러피안 샐러드 130g', 1, 1, '팜에이트', 4290, 4290, 'https://img-cf.kurly.com/cdn-cgi/image/width=360,height=468,quality=85/shop/data/goods/1575526922728l0.jpg'),
    (4, '무농약 숙주나물 200g', 1, 1, '김구원선생', 1990, 1990, 'https://img-cf.kurly.com/cdn-cgi/image/width=360,height=468,quality=85/shop/data/goods/1566806395975l0.jpg'),
    (5, '친환경 감자 600g', 1, 1, NULL, 3490, 2990, 'https://img-cf.kurly.com/cdn-cgi/image/width=360,height=468,quality=85/shop/data/goods/1653038027985l0.jpeg'),
    (6, '국산콩 친환경 콩나물 400g', 1, 1, 'CJ', 2990, 2990, 'https://img-cf.kurly.com/cdn-cgi/image/width=360,height=468,quality=85/shop/data/goods/1657263286354l0.jpg'),
    (7, '흙당근 1kg', 1, 2, NULL, 4990, 4990, 'https://img-cf.kurly.com/cdn-cgi/image/width=360,height=468,quality=85/shop/data/goods/1583480091169l0.jpg'),
    (8, 'GAP 밀양 깻잎 30g', 1, 3, 'KF365', 1290, 1290, 'https://product-image.kurly.com/cdn-cgi/image/width=360,height=468,quality=85/product/image/5dc12638-ebdb-4e48-b794-41a9c6fb1c0c.jpg'),
    (9, '파프리카 2입', 1, 4, 'KF365', 3490, 3490, 'https://product-image.kurly.com/cdn-cgi/image/width=360,height=468,quality=85/product/image/29aa7f5d-da54-4956-8355-8072d1ae661e.jpg'),
    (10, '깐대파 500g', 1, 5, NULL, 2990, 2990, 'https://img-cf.kurly.com/cdn-cgi/image/width=360,height=468,quality=85/shop/data/goods/1653037895339l0.jpeg'),
    (11, '유기농 미니 단호박 1입', 1, 6, NULL, 4290, 4070, 'https://img-cf.kurly.com/cdn-cgi/image/width=360,height=468,quality=85/shop/data/goods/1656997086361l0.jpg'),
    (12, '친환경 다진 마늘 180g', 1, 7, NULL, 4250, 4030, 'https://img-cf.kurly.com/cdn-cgi/image/width=360,height=468,quality=85/shop/data/goods/1618376704252l0.jpg'),
    (13, '팽이버섯 2입', 1, 8, 'KF365', 1290, 990, 'https://img-cf.kurly.com/cdn-cgi/image/width=360,height=468,quality=85/shop/data/goods/1637155265665l0.jpg');

INSERT INTO product_info(id, product_id, reward, seller, short_description, image_url, detail_image_url, packaging_type, selling_unit, weight, origin, allergy, expiration_date) VALUES
    (1, 1, false, '컬리', '베타카로틴이 풍부한 주홍빛 채소', '', '', '냉장(종이포장)', '1봉지', '500g(2~4개입)', '국내', NULL, NULL),
    (2, 2, true, '컬리', '뽀빠이가 좋아하는 겨울 채소', '', '', '냉장(종이포장)', '1봉지', '200g', '국내', NULL, '농산물로 별도의 유통기한은 없으나 가급적 빨리 섭취를 권장드립니다.'),
    (3, 3, true, '컬리', '4가지 특수채소를 한번에 즐길 수 있는 샐러드', '', '', '냉장(종이포장)', '1팩', '130g', '국산', NULL, '제조일로부터 3일 / 수령일 포함 최소 1일 남은 제품을 보내 드립니다.');

INSERT INTO grade(grade, reward, performance) VALUES
    ('관리자', 0, 0),
    ('더퍼플', 7, 1500000),
    ('퍼플', 7, 1000000),
    ('라벤더', 5, 500000),
    ('화이트', 3, 300000),
    ('프렌즈', 1, 150000),
    ('일반', 0.5, 0),
    ('웰컴', 5, 0);

INSERT INTO user(id, user_id, password, name, grade) VALUES
    (1, 'admin', 'password', '관리자', '관리자'),
    (2, 'user1', 'password1', '더퍼플', '더퍼플유저'),
    (3, 'user2', 'password2', '퍼플', '퍼플유저'),
    (4, 'user3', 'password3', '라벤더', '라벤더유저'),
    (5, 'user4', 'password4', '화이트', '화이트유저'),
    (6, 'user5', 'password5', '프렌즈', '프렌즈유저'),
    (7, 'user6', 'password6', '일반', '일반유저'),
    (8, 'user7', 'password7', '웰컴', '웰컴유저');

INSERT INTO search_log(id, user_id, word) VALUES
    (1, 1, '테스트검색어1'),
    (2, 1, '테스트검색어2'),
    (3, 1, '테스트검색어3'),
    (4, 1, '테스트검색어4'),
    (5, 1, '테스트검색어5');

INSERT INTO reward_log(id, user_id, description, amount, created_at) VALUES
    (1, 1, '테스트적립내역1', '5000', '2023-08-01'),
    (2, 1, '테스트적립내역2', '-2000', '2023-08-15'),
    (3, 1, '테스트적립내역2', '3000', '2023-08-22'),
    (4, 1, '테스트적립내역2', '4000', '2023-09-01'),
    (5, 1, '테스트적립내역2', '-6000', '2023-09-02');
